dayID,pollutantID,sum(emissionQuant) 
2,1,0.0062190067578232365
2,100,0.0025635496319768416
5,1,0.012215433674266555
5,100,0.005127126417399409
