regClassID,fuelTypeID,sum(emissionQuant) 
10,1,37483806429.44107
20,1,169114362168.66376
20,2,1558691942.7334285
20,5,81859649.16999383
30,1,210915877180.1977
30,2,2295659983.5031395
30,5,416206605.8864653
41,1,22349531191.48531
41,2,12229074607.152615
42,1,12768659900.910627
42,2,3243695168.071609
46,1,4409208281.41034
46,2,6840248332.10842
47,1,1225132550.6670337
47,2,23900382547.983833
47,3,63245092887.31234
48,2,345311073.1964192
48,3,3415300301.4614315
49,2,3724414079.9980702
