dayID,sum(emissionQuant) 
2,0.00878255638980008
5,0.01734256009166595
